{
    "n0": 1.0,
    "num_ptl": 16384,
    "deltat": 0.1,
    "Nt": 300,
    "Lz": 12.566370614359172,
    "Nz": 32,
    "epsr": 0.0000000001,
    "epsa": 0.000000000001,
    "max_iter_E": 100
}
